"Position","Name","Salary","GameInfo","AvgPointsPerGame","Team","Opponent","Projection","Projection_dfn","Actual_fpts"
"SF/PF","Kevin Durant",11600,"MEM@GS 12/20/2017 10:30PM ET",49.47,"GS","MEM",0,55.1,38
"PG","Russell Westbrook",11400,"UTA@OKC 12/20/2017 08:00PM ET",54.725,"OKC","UTA",0,55.2,56
"PG/SG","James Harden",11000,"LAL@HOU 12/20/2017 08:00PM ET",56.586,"HOU","LAL",0,58.7,71.25
"PG/SG","Chris Paul",9800,"LAL@HOU 12/20/2017 08:00PM ET",44.433,"HOU","LAL",0,52.9,20.75
"C","Nikola Vucevic",9400,"ORL@CHI 12/20/2017 08:00PM ET",40.169,"ORL","CHI",0,44.6,38.5
"PG/SG","Stephen Curry",9300,"MEM@GS 12/20/2017 10:30PM ET",46.924,"GS","MEM",0,0,0
"PG/SG","Victor Oladipo",9200,"IND@ATL 12/20/2017 07:30PM ET",43.167,"IND","ATL",0,46.6,34.75
"C","Andre Drummond",9100,"DET@DAL 12/20/2017 08:30PM ET",43.308,"DET","DAL",0,43.1,31.25
"C","Karl-Anthony Towns",9000,"MIN@DEN 12/20/2017 09:00PM ET",43.355,"MIN","DEN",0,47.3,48.5
"SG","Jimmy Butler",8800,"MIN@DEN 12/20/2017 09:00PM ET",38.5,"MIN","DEN",0,40.8,36.5
"PG","Damian Lillard",8500,"SA@POR 12/20/2017 10:00PM ET",44.583,"POR","SA",0,41.6,30.5
"SG/SF","DeMar DeRozan",8300,"TOR@CHA 12/20/2017 07:00PM ET",38.946,"TOR","CHA",0,39.4,41.5
"PG","Kyle Lowry",8200,"TOR@CHA 12/20/2017 07:00PM ET",38.143,"TOR","CHA",0,40.1,26.75
"C","Nikola Jokic",8100,"MIN@DEN 12/20/2017 09:00PM ET",39.239,"DEN","MIN",0,42.9,35.5
"PG","Kyrie Irving",8000,"MIA@BOS 12/20/2017 07:30PM ET",38.661,"BOS","MIA",0,38.8,49.5
"PF/C","LaMarcus Aldridge",7800,"SA@POR 12/20/2017 10:00PM ET",39.133,"SA","POR",0,33.8,37
"SG/SF","Devin Booker",7800,"PHO@LAC 12/20/2017 10:30PM ET",38.3,"PHO","LAC",0,0,0
"C","Marc Gasol",7700,"MEM@GS 12/20/2017 10:30PM ET",39.742,"MEM","GS",0,37.6,43.25
"C","Dwight Howard",7600,"TOR@CHA 12/20/2017 07:00PM ET",36.408,"CHA","TOR",0,38.4,26.75
"PG/SG","Lou Williams",7600,"PHO@LAC 12/20/2017 10:30PM ET",32.58,"LAC","PHO",0,40.1,0
"SF/PF","Aaron Gordon",7500,"ORL@CHI 12/20/2017 08:00PM ET",35.904,"ORL","CHI",0,0,0
"PF/C","Draymond Green",7500,"MEM@GS 12/20/2017 10:30PM ET",35.94,"GS","MEM",0,0,0
"PF/C","Blake Griffin",7500,"PHO@LAC 12/20/2017 10:30PM ET",43.763,"LAC","PHO",0,0,0
"C","DeAndre Jordan",7500,"PHO@LAC 12/20/2017 10:30PM ET",34.69,"LAC","PHO",0,39.1,39.5
"SF","Paul George",7400,"UTA@OKC 12/20/2017 08:00PM ET",38.089,"OKC","UTA",0,35.9,35
"C","Clint Capela",7400,"LAL@HOU 12/20/2017 08:00PM ET",35.134,"HOU","LAL",0,0,0
"PG","Dennis Schroder",7300,"IND@ATL 12/20/2017 07:30PM ET",35.089,"ATL","IND",0,37,27.25
"PF/C","Al Horford",7300,"MIA@BOS 12/20/2017 07:30PM ET",35.767,"BOS","MIA",0,34.3,18.5
"PG/SG","Kris Dunn",7200,"ORL@CHI 12/20/2017 08:00PM ET",30.55,"CHI","ORL",0,36.1,40
"SG","Klay Thompson",7200,"MEM@GS 12/20/2017 10:30PM ET",33.4,"GS","MEM",0,34.9,43
"PG","Kemba Walker",7100,"TOR@CHA 12/20/2017 07:00PM ET",37.58,"CHA","TOR",0,35.7,28.5
"C","Hassan Whiteside",7000,"MIA@BOS 12/20/2017 07:30PM ET",36.95,"MIA","BOS",0,0,0
"PG/SG","Tyreke Evans",7000,"MEM@GS 12/20/2017 10:30PM ET",33.526,"MEM","GS",0,35.3,30
"SG/SF","Jonathon Simmons",6900,"ORL@CHI 12/20/2017 08:00PM ET",24.653,"ORL","CHI",0,31.8,16.5
"PG/SG","D'Angelo Russell",6800,"SAC@BKN 12/20/2017 07:30PM ET",36.458,"BKN","SAC",0,0,0
"PG/SG","Spencer Dinwiddie",6700,"SAC@BKN 12/20/2017 07:30PM ET",28.25,"BKN","SAC",0,33.1,28.25
"SF/PF","Harrison Barnes",6700,"DET@DAL 12/20/2017 08:30PM ET",32.04,"DAL","DET",0,31.8,39.25
"PG","Lonzo Ball",6700,"LAL@HOU 12/20/2017 08:00PM ET",33.259,"LAL","HOU",0,35.7,37.75
"C","Myles Turner",6600,"IND@ATL 12/20/2017 07:30PM ET",30.677,"IND","ATL",0,31.5,38
"PG/SG","Donovan Mitchell",6600,"UTA@OKC 12/20/2017 08:00PM ET",30.169,"UTA","OKC",0,0,0
"PF/C","Paul Millsap",6600,"MIN@DEN 12/20/2017 09:00PM ET",31.828,"DEN","MIN",0,0,0
"SG/SF","Kent Bazemore",6500,"IND@ATL 12/20/2017 07:30PM ET",28.717,"ATL","IND",0,28.8,26.25
"C","Rudy Gobert",6500,"UTA@OKC 12/20/2017 08:00PM ET",30.611,"UTA","OKC",0,0,0
"SG/SF","Brandon Ingram",6500,"LAL@HOU 12/20/2017 08:00PM ET",30.714,"LAL","HOU",0,33.7,33
"SG/SF","Taurean Prince",6400,"IND@ATL 12/20/2017 07:30PM ET",26.825,"ATL","IND",0,26.3,21.5
"PF/C","Nikola Mirotic",6400,"ORL@CHI 12/20/2017 08:00PM ET",34.083,"CHI","ORL",0,30,33
"PG/SG","CJ McCollum",6400,"SA@POR 12/20/2017 10:00PM ET",33.405,"POR","SA",0,32.1,30.25
"C","Jusuf Nurkic",6400,"SA@POR 12/20/2017 10:00PM ET",30.509,"POR","SA",0,30.5,23.5
"PG","Mike Conley",6300,"MEM@GS 12/20/2017 10:30PM ET",28.771,"MEM","GS",0,0,0
"C","Steven Adams",6300,"UTA@OKC 12/20/2017 08:00PM ET",30.04,"OKC","UTA",0,27,26.25
"SF/PF","Tobias Harris",6300,"DET@DAL 12/20/2017 08:30PM ET",29.608,"DET","DAL",0,28.6,19.5
"SG","Gary Harris",6300,"MIN@DEN 12/20/2017 09:00PM ET",29.357,"DEN","MIN",0,0,0
"SF/PF","Thaddeus Young",6200,"IND@ATL 12/20/2017 07:30PM ET",28.194,"IND","ATL",0,29.1,20
"SF/PF","James Johnson",6200,"MIA@BOS 12/20/2017 07:30PM ET",26.455,"MIA","BOS",0,0,0
"SG/SF","Dion Waiters",6200,"MIA@BOS 12/20/2017 07:30PM ET",25.509,"MIA","BOS",0,30.1,23.75
"PF/C","Zach Randolph",6200,"SAC@BKN 12/20/2017 07:30PM ET",29.24,"SAC","BKN",0,29.5,36.5
"SG/SF","Will Barton",6200,"MIN@DEN 12/20/2017 09:00PM ET",30.784,"DEN","MIN",0,30.4,24.25
"SF/PF","TJ Warren",6200,"PHO@LAC 12/20/2017 10:30PM ET",30.094,"PHO","LAC",0,31.1,45.5
"PG","Goran Dragic",6100,"MIA@BOS 12/20/2017 07:30PM ET",29.862,"MIA","BOS",0,0,0
"SF/PF","Rondae Hollis-Jefferson",6100,"SAC@BKN 12/20/2017 07:30PM ET",27.663,"BKN","SAC",0,32.2,31.5
"PG","Jeff Teague",6100,"MIN@DEN 12/20/2017 09:00PM ET",31.083,"MIN","DEN",0,30.9,36.5
"SF/PF","Kawhi Leonard",6000,"SA@POR 12/20/2017 10:00PM ET",21.833,"SA","POR",0,0,0
"SF/PF","Andrew Wiggins",6000,"MIN@DEN 12/20/2017 09:00PM ET",28.903,"MIN","DEN",0,28.3,22.25
"SG/SF","Josh Richardson",5900,"MIA@BOS 12/20/2017 07:30PM ET",22.117,"MIA","BOS",0,28.2,35.5
"PF/C","Serge Ibaka",5900,"TOR@CHA 12/20/2017 07:00PM ET",25.91,"TOR","CHA",0,26.6,37.75
"SG","Kentavious Caldwell-Pope",5900,"LAL@HOU 12/20/2017 08:00PM ET",28.29,"LAL","HOU",0,0,0
"PF/C","Taj Gibson",5900,"MIN@DEN 12/20/2017 09:00PM ET",26.798,"MIN","DEN",0,27.9,22.25
"SG/SF","Evan Fournier",5800,"ORL@CHI 12/20/2017 08:00PM ET",29.808,"ORL","CHI",0,0,0
"SF/PF","Carmelo Anthony",5800,"UTA@OKC 12/20/2017 08:00PM ET",30.802,"OKC","UTA",0,28.4,30.25
"SF/PF","Kyle Kuzma",5800,"LAL@HOU 12/20/2017 08:00PM ET",28.75,"LAL","HOU",0,28.7,58.25
"SG/SF","Nicolas Batum",5700,"TOR@CHA 12/20/2017 07:00PM ET",25.5,"CHA","TOR",0,30,9.5
"PG/SG","Jamal Murray",5700,"MIN@DEN 12/20/2017 09:00PM ET",24.35,"DEN","MIN",0,30.9,45
"SF/PF","Danilo Gallinari",5700,"PHO@LAC 12/20/2017 10:30PM ET",24.591,"LAC","PHO",0,0,0
"PG/SG","Austin Rivers",5700,"PHO@LAC 12/20/2017 10:30PM ET",25.611,"LAC","PHO",0,30.7,35.5
"PG","Darren Collison",5600,"IND@ATL 12/20/2017 07:30PM ET",28.233,"IND","ATL",0,26.9,13.75
"SF/PF","Jayson Tatum",5600,"MIA@BOS 12/20/2017 07:30PM ET",26.811,"BOS","MIA",0,25.6,24.25
"PG","Elfrid Payton",5600,"ORL@CHI 12/20/2017 08:00PM ET",27.148,"ORL","CHI",0,29.6,35.5
"SG/SF","Caris LeVert",5600,"SAC@BKN 12/20/2017 07:30PM ET",24.25,"BKN","SAC",0,25.3,26.5
"SG/SF","Rodney Hood",5600,"UTA@OKC 12/20/2017 08:00PM ET",26.5,"UTA","OKC",0,28.4,18.5
"PG/SG","JJ Barea",5600,"DET@DAL 12/20/2017 08:30PM ET",25.282,"DAL","DET",0,24.7,0
"PG","Reggie Jackson",5600,"DET@DAL 12/20/2017 08:30PM ET",27.392,"DET","DAL",0,25.5,16.75
"PG/SG","Jordan Clarkson",5600,"LAL@HOU 12/20/2017 08:00PM ET",23.438,"LAL","HOU",0,24.6,9.75
"PF/C","Alex Len",5600,"PHO@LAC 12/20/2017 10:30PM ET",25.407,"PHO","LAC",0,27.9,24.25
"PF/C","Domantas Sabonis",5500,"IND@ATL 12/20/2017 07:30PM ET",26.336,"IND","ATL",0,22.6,15.5
"SG/SF","Jaylen Brown",5400,"MIA@BOS 12/20/2017 07:30PM ET",26.54,"BOS","MIA",0,25.4,29
"PF/C","Kelly Olynyk",5400,"MIA@BOS 12/20/2017 07:30PM ET",21.142,"MIA","BOS",0,26.8,48.75
"PF/C","Willie Cauley-Stein",5400,"SAC@BKN 12/20/2017 07:30PM ET",23.865,"SAC","BKN",0,27.5,26.25
"SF/PF","Rudy Gay",5400,"SA@POR 12/20/2017 10:00PM ET",24.345,"SA","POR",0,25.7,10.75
"C","Jonas Valanciunas",5400,"TOR@CHA 12/20/2017 07:00PM ET",23.708,"TOR","CHA",0,24.8,18.75
"PF/C","Julius Randle",5400,"LAL@HOU 12/20/2017 08:00PM ET",25.018,"LAL","HOU",0,31.3,6.25
"PF/C","John Collins",5300,"IND@ATL 12/20/2017 07:30PM ET",24.302,"ATL","IND",0,24.8,29.25
"PF/C","Pau Gasol",5300,"SA@POR 12/20/2017 10:00PM ET",26.967,"SA","POR",0,20.2,52.75
"PF/C","Derrick Favors",5300,"UTA@OKC 12/20/2017 08:00PM ET",25.612,"UTA","OKC",0,27.1,11.5
"C","Dewayne Dedmon",5200,"IND@ATL 12/20/2017 07:30PM ET",25.038,"ATL","IND",0,0,0
"SG/SF","Justin Holiday",5200,"ORL@CHI 12/20/2017 08:00PM ET",27.241,"CHI","ORL",0,25.8,22.5
"PG/SF","Kyle Anderson",5200,"SA@POR 12/20/2017 10:00PM ET",24.489,"SA","POR",0,12.6,23
"PG/SG","Yogi Ferrell",5200,"DET@DAL 12/20/2017 08:30PM ET",19.355,"DAL","DET",0,16.5,25.25
"PG/SG","Milos Teodosic",5200,"PHO@LAC 12/20/2017 10:30PM ET",20.708,"LAC","PHO",0,27.9,24.25
"SF/PF","Ersan Ilyasova",5100,"IND@ATL 12/20/2017 07:30PM ET",20.303,"ATL","IND",0,25.9,17.75
"SG/SF","Marcus Smart",5100,"MIA@BOS 12/20/2017 07:30PM ET",24.363,"BOS","MIA",0,24.7,29
"PF","Lauri Markkanen",5100,"ORL@CHI 12/20/2017 08:00PM ET",29.75,"CHI","ORL",0,25.8,17.25
"PG","Ricky Rubio",5100,"UTA@OKC 12/20/2017 08:00PM ET",26.583,"UTA","OKC",0,30.3,8.5
"SG/SF","Danny Green",5000,"SA@POR 12/20/2017 10:00PM ET",21.361,"SA","POR",0,16.7,16.5
"SG/SF","Joe Ingles",5000,"UTA@OKC 12/20/2017 08:00PM ET",25.04,"UTA","OKC",0,25.4,12
"PG/SG","Avery Bradley",5000,"DET@DAL 12/20/2017 08:30PM ET",24.268,"DET","DAL",0,0,0
"PG/SG","Dennis Smith",5000,"DET@DAL 12/20/2017 08:30PM ET",26.967,"DAL","DET",0,24.1,28.75
"PG/SG","Tyler Johnson",4900,"MIA@BOS 12/20/2017 07:30PM ET",20.866,"MIA","BOS",0,28.7,35.25
"PF","Bobby Portis",4900,"ORL@CHI 12/20/2017 08:00PM ET",25.588,"CHI","ORL",0,21.2,23.75
"SF/PF","DeMarre Carroll",4900,"SAC@BKN 12/20/2017 07:30PM ET",27.029,"BKN","SAC",0,25.2,29.75
"SG","Eric Gordon",4900,"LAL@HOU 12/20/2017 08:00PM ET",27.204,"HOU","LAL",0,27.1,32
"SF/PF","Larry Nance",4900,"LAL@HOU 12/20/2017 08:00PM ET",23.25,"LAL","HOU",0,21.7,32.25
"PG/SG","George Hill",4800,"SAC@BKN 12/20/2017 07:30PM ET",19.769,"SAC","BKN",0,23.9,37.25
"SG/SF","Trevor Ariza",4800,"LAL@HOU 12/20/2017 08:00PM ET",24.444,"HOU","LAL",0,28.3,48.75
"SF/PF","Trey Lyles",4800,"MIN@DEN 12/20/2017 09:00PM ET",15.8,"DEN","MIN",0,21.9,18.25
"C","Robin Lopez",4700,"ORL@CHI 12/20/2017 08:00PM ET",24.638,"CHI","ORL",0,20.7,24.25
"PG/SG","Zach LaVine",4700,"ORL@CHI 12/20/2017 08:00PM ET",0,"CHI","ORL",0,0,0
"SG","Mario Hezonja",4700,"ORL@CHI 12/20/2017 08:00PM ET",10.375,"ORL","CHI",0,24.3,15
"PF/C","Jordan Bell",4700,"MEM@GS 12/20/2017 10:30PM ET",13.5,"GS","MEM",0,24,18
"SF/PF","Omri Casspi",4700,"MEM@GS 12/20/2017 10:30PM ET",15.769,"GS","MEM",0,22.5,22
"SG/SF","Buddy Hield",4700,"SAC@BKN 12/20/2017 07:30PM ET",21.731,"SAC","BKN",0,24.5,6
"SG/SF","Wesley Matthews",4700,"DET@DAL 12/20/2017 08:30PM ET",23.185,"DAL","DET",0,22.4,14.5
"SG/SF","Jeremy Lamb",4700,"TOR@CHA 12/20/2017 07:00PM ET",26.543,"CHA","TOR",0,22.1,41.25
"SF/PF","Marcus Morris",4600,"MIA@BOS 12/20/2017 07:30PM ET",23.281,"BOS","MIA",0,0,0
"PF/C","Bam Adebayo",4600,"MIA@BOS 12/20/2017 07:30PM ET",15.393,"MIA","BOS",0,24.6,11.75
"SF/PF","Al-Farouq Aminu",4600,"SA@POR 12/20/2017 10:00PM ET",22.444,"POR","SA",0,22.8,29.5
"SF","Michael Kidd-Gilchrist",4600,"TOR@CHA 12/20/2017 07:00PM ET",20.802,"CHA","TOR",0,21.6,22.5
"SF/PF","Wilson Chandler",4600,"MIN@DEN 12/20/2017 09:00PM ET",20.692,"DEN","MIN",0,23.9,28.5
"SF/PF","JaMychal Green",4500,"MEM@GS 12/20/2017 10:30PM ET",20.722,"MEM","GS",0,23.1,14.5
"SG/SF","Bogdan Bogdanovic",4500,"SAC@BKN 12/20/2017 07:30PM ET",19.231,"SAC","BKN",0,21.3,20.25
"PF/C","Dirk Nowitzki",4500,"DET@DAL 12/20/2017 08:30PM ET",22.911,"DAL","DET",0,23.2,21.5
"C","Brook Lopez",4500,"LAL@HOU 12/20/2017 08:00PM ET",24.705,"LAL","HOU",0,0,0
"PF/C","Greg Monroe",4500,"PHO@LAC 12/20/2017 10:30PM ET",23.103,"PHO","LAC",0,0,0
"PG/SG","Isaiah Canaan",4500,"PHO@LAC 12/20/2017 10:30PM ET",22.833,"PHO","LAC",0,17,18.5
"SG/SF","Bojan Bogdanovic",4400,"IND@ATL 12/20/2017 07:30PM ET",21.758,"IND","ATL",0,20.8,23.75
"SG/SF","Allen Crabbe",4400,"SAC@BKN 12/20/2017 07:30PM ET",21.61,"BKN","SAC",0,22.8,21.25
"SG/SF","Lance Stephenson",4300,"IND@ATL 12/20/2017 07:30PM ET",19.75,"IND","ATL",0,22.2,30
"PG/SG","Terry Rozier",4300,"MIA@BOS 12/20/2017 07:30PM ET",19.909,"BOS","MIA",0,17.9,9.25
"PG/SG","David Nwaba",4300,"ORL@CHI 12/20/2017 08:00PM ET",20.132,"CHI","ORL",0,22.4,14.5
"SG/SF","Andre Iguodala",4300,"MEM@GS 12/20/2017 10:30PM ET",18.644,"GS","MEM",0,0,0
"PG","De'Aaron Fox",4300,"SAC@BKN 12/20/2017 07:30PM ET",20.25,"SAC","BKN",0,0,0
"PG/SG","Alec Burks",4300,"UTA@OKC 12/20/2017 08:00PM ET",18.292,"UTA","OKC",0,21.3,32.75
"PF/C","Ekpe Udoh",4300,"UTA@OKC 12/20/2017 08:00PM ET",12.366,"UTA","OKC",0,11.9,12.5
"SF/PF","Marvin Williams",4300,"TOR@CHA 12/20/2017 07:00PM ET",19.317,"CHA","TOR",0,18.8,14
"C","Tyson Chandler",4300,"PHO@LAC 12/20/2017 10:30PM ET",22.37,"PHO","LAC",0,20,10
"SG/SF","Denzel Valentine",4200,"ORL@CHI 12/20/2017 08:00PM ET",21.767,"CHI","ORL",0,18.6,40.5
"PG","Patty Mills",4200,"SA@POR 12/20/2017 10:00PM ET",19.46,"SA","POR",0,17.6,0
"PG","Tony Parker",4200,"SA@POR 12/20/2017 10:00PM ET",18.639,"SA","POR",0,0,0
"PF/C","Ryan Anderson",4200,"LAL@HOU 12/20/2017 08:00PM ET",21.241,"HOU","LAL",0,20.8,11.5
"PG/SG","Andrew Harrison",4100,"MEM@GS 12/20/2017 10:30PM ET",14.469,"MEM","GS",0,15.8,13.5
"PG","Dejounte Murray",4100,"SA@POR 12/20/2017 10:00PM ET",17.808,"SA","POR",0,20.9,17.75
"PF/C","Mason Plumlee",4100,"MIN@DEN 12/20/2017 09:00PM ET",18.608,"DEN","MIN",0,24.3,40.5
"SG/SF","Wesley Johnson",4100,"PHO@LAC 12/20/2017 10:30PM ET",17.045,"LAC","PHO",0,0,0
"SG/SF","Wayne Ellington",4000,"MIA@BOS 12/20/2017 07:30PM ET",15.95,"MIA","BOS",0,21.3,18.5
"PG/SG","Frank Mason III",4000,"SAC@BKN 12/20/2017 07:30PM ET",15.841,"SAC","BKN",0,20.2,12.75
"SG/SF","Manu Ginobili",4000,"SA@POR 12/20/2017 10:00PM ET",16.106,"SA","POR",0,15.3,21.25
"PG/SG","Seth Curry",4000,"DET@DAL 12/20/2017 08:30PM ET",0,"DAL","DET",0,0,0
"PF","Maxi Kleber",4000,"DET@DAL 12/20/2017 08:30PM ET",13.26,"DAL","DET",0,18.4,8.5
"SG/SF","Stanley Johnson",4000,"DET@DAL 12/20/2017 08:30PM ET",16.852,"DET","DAL",0,17,21.5
"PF/C","Frank Kaminsky",4000,"TOR@CHA 12/20/2017 07:00PM ET",19.222,"CHA","TOR",0,19.9,11.25
"PG","Mike James",4000,"PHO@LAC 12/20/2017 10:30PM ET",21.524,"PHO","LAC",0,0,12.5
"PG","Tyler Ulis",4000,"PHO@LAC 12/20/2017 10:30PM ET",17.968,"PHO","LAC",0,18.7,6
"PG","Cory Joseph",3900,"IND@ATL 12/20/2017 07:30PM ET",17.871,"IND","ATL",0,18.1,18.25
"C","Aron Baynes",3900,"MIA@BOS 12/20/2017 07:30PM ET",15.152,"BOS","MIA",0,17.1,8.25
"SF/PF","Justise Winslow",3900,"MIA@BOS 12/20/2017 07:30PM ET",18,"MIA","BOS",0,0,0
"PG/SG","DJ Augustin",3900,"ORL@CHI 12/20/2017 08:00PM ET",17.292,"ORL","CHI",0,15.8,21.5
"PG/SG","Jerian Grant",3900,"ORL@CHI 12/20/2017 08:00PM ET",20.828,"CHI","ORL",0,12.9,25.5
"SF/PF","Chandler Parsons",3900,"MEM@GS 12/20/2017 10:30PM ET",18.076,"MEM","GS",0,0,0
"SG/SF","Joe Harris",3900,"SAC@BKN 12/20/2017 07:30PM ET",17.407,"BKN","SAC",0,15.6,22
"PG","Ish Smith",3900,"DET@DAL 12/20/2017 08:30PM ET",17.958,"DET","DAL",0,18.7,0
"PG/SG","Langston Galloway",3900,"DET@DAL 12/20/2017 08:30PM ET",12.116,"DET","DAL",0,14.2,10
"PF","Pascal Siakam",3900,"TOR@CHA 12/20/2017 07:00PM ET",17.25,"TOR","CHA",0,14,27.5
"SG","Troy Daniels",3900,"PHO@LAC 12/20/2017 10:30PM ET",11.453,"PHO","LAC",0,19.5,13.75
"SG/SF","Josh Jackson",3900,"PHO@LAC 12/20/2017 10:30PM ET",17.172,"PHO","LAC",0,19.4,26
"PF","Tyler Cavanaugh",3800,"IND@ATL 12/20/2017 07:30PM ET",12.145,"ATL","IND",0,0,0
"PG","Mario Chalmers",3800,"MEM@GS 12/20/2017 10:30PM ET",18.371,"MEM","GS",0,18.5,26
"C","Jahlil Okafor",3800,"SAC@BKN 12/20/2017 07:30PM ET",13.75,"BKN","SAC",0,0,0
"PF/C","Ed Davis",3800,"SA@POR 12/20/2017 10:00PM ET",15.775,"POR","SA",0,15.8,23.75
"SG/SF","Evan Turner",3800,"SA@POR 12/20/2017 10:00PM ET",17.65,"POR","SA",0,19.3,18.25
"SG/SF","Joe Johnson",3800,"UTA@OKC 12/20/2017 08:00PM ET",11.955,"UTA","OKC",0,17.9,6.25
"SG/SF","Reggie Bullock",3800,"DET@DAL 12/20/2017 08:30PM ET",10.266,"DET","DAL",0,18.9,5.5
"PF/C","Jakob Poeltl",3800,"TOR@CHA 12/20/2017 07:00PM ET",15.58,"TOR","CHA",0,17.8,24
"C","Cody Zeller",3800,"TOR@CHA 12/20/2017 07:00PM ET",17.882,"CHA","TOR",0,0,0
"SG/SF","CJ Miles",3800,"TOR@CHA 12/20/2017 07:00PM ET",16.365,"TOR","CHA",0,0,0
"SF/PF","PJ Tucker",3800,"LAL@HOU 12/20/2017 08:00PM ET",18.026,"HOU","LAL",0,23.8,27
"PF/C","Kenneth Faried",3800,"MIN@DEN 12/20/2017 09:00PM ET",15.59,"DEN","MIN",0,0,0
"PG","Emmanuel Mudiay",3800,"MIN@DEN 12/20/2017 09:00PM ET",18.405,"DEN","MIN",0,0,0
"PG","Jawun Evans",3800,"PHO@LAC 12/20/2017 10:30PM ET",11.432,"LAC","PHO",0,8.1,6.5
"SF/PF","Sam Dekker",3800,"PHO@LAC 12/20/2017 10:30PM ET",8.92,"LAC","PHO",0,14.8,13.75
"SG","Marco Belinelli",3700,"IND@ATL 12/20/2017 07:30PM ET",20.042,"ATL","IND",0,16,18.75
"SG/SF","Glenn Robinson III",3700,"IND@ATL 12/20/2017 07:30PM ET",0,"IND","ATL",0,0,0
"PF/C","Jordan Mickey",3700,"MIA@BOS 12/20/2017 07:30PM ET",12.889,"MIA","BOS",0,19.9,19.5
"SG/SF","Arron Afflalo",3700,"ORL@CHI 12/20/2017 08:00PM ET",5.693,"ORL","CHI",0,9.3,3.5
"SG/SF","Dillon Brooks",3700,"MEM@GS 12/20/2017 10:30PM ET",15.85,"MEM","GS",0,17.6,12.5
"SF/PF","Jonas Jerebko",3700,"UTA@OKC 12/20/2017 08:00PM ET",14.413,"UTA","OKC",0,11.5,13
"SG","Luke Kennard",3700,"DET@DAL 12/20/2017 08:30PM ET",11.57,"DET","DAL",0,11,12.25
"PG","Fred VanVleet",3700,"TOR@CHA 12/20/2017 07:00PM ET",14.723,"TOR","CHA",0,15.1,24.5
"SF/PF","OG Anunoby",3700,"TOR@CHA 12/20/2017 07:00PM ET",12.688,"TOR","CHA",0,15.1,32.5
"SG","Jamal Crawford",3700,"MIN@DEN 12/20/2017 09:00PM ET",15.04,"MIN","DEN",0,14.7,32.75
"PF/C","Marquese Chriss",3700,"PHO@LAC 12/20/2017 10:30PM ET",16.406,"PHO","LAC",0,15.3,25
"SF/PF","Jamil Wilson",3700,"PHO@LAC 12/20/2017 10:30PM ET",11.659,"LAC","PHO",0,17.5,21.5
"PG/SG","Shaun Livingston",3600,"MEM@GS 12/20/2017 10:30PM ET",11.038,"GS","MEM",0,0,0
"PG/SG","Garrett Temple",3600,"SAC@BKN 12/20/2017 07:30PM ET",16,"SAC","BKN",0,13.5,9.75
"PG/SG","Nik Stauskas",3600,"SAC@BKN 12/20/2017 07:30PM ET",6.563,"BKN","SAC",0,8.3,3.5
"C","Kosta Koufos",3600,"SAC@BKN 12/20/2017 07:30PM ET",16.302,"SAC","BKN",0,13.3,26
"PG/SG","Devin Harris",3600,"DET@DAL 12/20/2017 08:30PM ET",16.66,"DAL","DET",0,16.1,14.5
"SF/PF","Anthony Tolliver",3600,"DET@DAL 12/20/2017 08:30PM ET",13.852,"DET","DAL",0,14.4,25
"SG/SF","Norman Powell",3600,"TOR@CHA 12/20/2017 07:00PM ET",15.958,"TOR","CHA",0,16.2,14
"SG/SF","Torrey Craig",3600,"MIN@DEN 12/20/2017 09:00PM ET",14.75,"DEN","MIN",0,21.9,20
"PF/C","Montrezl Harrell",3600,"PHO@LAC 12/20/2017 10:30PM ET",12.935,"LAC","PHO",0,15.6,19.5
"SG/SF","DeAndre' Bembry",3500,"IND@ATL 12/20/2017 07:30PM ET",12.078,"ATL","IND",0,13.7,0
"PG/SG","Malcolm Delaney",3500,"IND@ATL 12/20/2017 07:30PM ET",11.682,"ATL","IND",0,0,15
"SG/SF","Terrence Ross",3500,"ORL@CHI 12/20/2017 08:00PM ET",18.795,"ORL","CHI",0,0,0
"PF/C","David West",3500,"MEM@GS 12/20/2017 10:30PM ET",16.875,"GS","MEM",0,17.4,19.5
"C","Tyler Zeller",3500,"SAC@BKN 12/20/2017 07:30PM ET",16.881,"BKN","SAC",0,15.4,10.75
"PG/SG","Shabazz Napier",3500,"SA@POR 12/20/2017 10:00PM ET",14.04,"POR","SA",0,14.4,20.25
"SG/SF","Andre Roberson",3500,"UTA@OKC 12/20/2017 08:00PM ET",15.652,"OKC","UTA",0,15.8,16
"SG/SF","Thabo Sefolosha",3500,"UTA@OKC 12/20/2017 08:00PM ET",17.517,"UTA","OKC",0,14.2,22.75
"SG/SF","Alex Abrines",3500,"UTA@OKC 12/20/2017 08:00PM ET",9.857,"OKC","UTA",0,7.4,9
"SF/PF","Jerami Grant",3500,"UTA@OKC 12/20/2017 08:00PM ET",16.672,"OKC","UTA",0,14.5,18.25
"PG/SG","Delon Wright",3500,"TOR@CHA 12/20/2017 07:00PM ET",15.922,"TOR","CHA",0,12.5,15
"PF/C","Gorgui Dieng",3500,"MIN@DEN 12/20/2017 09:00PM ET",15.464,"MIN","DEN",0,15.4,21.75
"PF/C","Daniel Theis",3400,"MIA@BOS 12/20/2017 07:30PM ET",11.734,"BOS","MIA",0,12.6,12
"SF/PF","Jonathan Isaac",3400,"ORL@CHI 12/20/2017 08:00PM ET",15.173,"ORL","CHI",0,15.7,5.5
"PG/SF","Patrick McCaw",3400,"MEM@GS 12/20/2017 10:30PM ET",9.18,"GS","MEM",0,15.9,24.5
"PF/C","Jarell Martin",3400,"MEM@GS 12/20/2017 10:30PM ET",10.973,"MEM","GS",0,8.7,18
"SF/PF","Kevon Looney",3400,"MEM@GS 12/20/2017 10:30PM ET",8.663,"GS","MEM",0,12.1,9.75
"PF/C","Jarrett Allen",3400,"SAC@BKN 12/20/2017 07:30PM ET",13.175,"BKN","SAC",0,14.9,12
"PG/SG","Bryn Forbes",3400,"SA@POR 12/20/2017 10:00PM ET",11.45,"SA","POR",0,15.7,6.5
"SF/PF","Davis Bertans",3400,"SA@POR 12/20/2017 10:00PM ET",9.596,"SA","POR",0,10.4,2.75
"SG","Brandon Paul",3400,"SA@POR 12/20/2017 10:00PM ET",8.466,"SA","POR",0,0,0
"PF/C","Noah Vonleh",3400,"SA@POR 12/20/2017 10:00PM ET",14.761,"POR","SA",0,0,0
"PF/C","Zach Collins",3400,"SA@POR 12/20/2017 10:00PM ET",8.232,"POR","SA",0,14.1,6.5
"SF/PF","Maurice Harkless",3400,"SA@POR 12/20/2017 10:00PM ET",12.85,"POR","SA",0,0,0
"PG","Raul Neto",3400,"UTA@OKC 12/20/2017 08:00PM ET",9.847,"UTA","OKC",0,0,0
"SG/SF","Corey Brewer",3400,"LAL@HOU 12/20/2017 08:00PM ET",6.652,"LAL","HOU",0,0,35.75
"SF/PF","Nemanja Bjelica",3400,"MIN@DEN 12/20/2017 09:00PM ET",13.514,"MIN","DEN",0,0,0
"SF/PF","Dragan Bender",3400,"PHO@LAC 12/20/2017 10:30PM ET",12.914,"PHO","LAC",0,17,10
"PG","Isaiah Taylor",3300,"IND@ATL 12/20/2017 07:30PM ET",11.565,"ATL","IND",0,8.6,14.5
"C","Miles Plumlee",3300,"IND@ATL 12/20/2017 07:30PM ET",10.568,"ATL","IND",0,15.2,23.25
"PG","Shane Larkin",3300,"MIA@BOS 12/20/2017 07:30PM ET",8.135,"BOS","MIA",0,7.8,0.75
"PG/SG","Shelvin Mack",3300,"ORL@CHI 12/20/2017 08:00PM ET",14.01,"ORL","CHI",0,15.2,12.25
"SG/SF","Paul Zipser",3300,"ORL@CHI 12/20/2017 08:00PM ET",9.808,"CHI","ORL",0,6.5,8.5
"SG/SF","James Ennis III",3300,"MEM@GS 12/20/2017 10:30PM ET",14.25,"MEM","GS",0,13.3,0
"SG","Nick Young",3300,"MEM@GS 12/20/2017 10:30PM ET",10.821,"GS","MEM",0,15.6,18.5
"SG/SF","Ben McLemore",3300,"MEM@GS 12/20/2017 10:30PM ET",12.263,"MEM","GS",0,9.3,15.75
"C","Zaza Pachulia",3300,"MEM@GS 12/20/2017 10:30PM ET",14.6,"GS","MEM",0,0,0
"PF/C","Skal Labissiere",3300,"SAC@BKN 12/20/2017 07:30PM ET",14.796,"SAC","BKN",0,0,14.5
"SF/PF","Jakarr Sampson",3300,"SAC@BKN 12/20/2017 07:30PM ET",13.75,"SAC","BKN",0,0,0
"PF/C","Quincy Acy",3300,"SAC@BKN 12/20/2017 07:30PM ET",12.063,"BKN","SAC",0,13.3,12.75
"PF/C","Meyers Leonard",3300,"SA@POR 12/20/2017 10:00PM ET",11.091,"POR","SA",0,0,4.75
"SG/SF","Pat Connaughton",3300,"SA@POR 12/20/2017 10:00PM ET",11.283,"POR","SA",0,7.7,5.25
"PF/C","Patrick Patterson",3300,"UTA@OKC 12/20/2017 08:00PM ET",8.042,"OKC","UTA",0,8.8,9.25
"PF/C","Dwight Powell",3300,"DET@DAL 12/20/2017 08:30PM ET",16,"DAL","DET",0,15.5,9.75
"C","Boban Marjanovic",3300,"DET@DAL 12/20/2017 08:30PM ET",10.281,"DET","DAL",0,0,7.75
"PG","Michael Carter-Williams",3300,"TOR@CHA 12/20/2017 07:00PM ET",13.447,"CHA","TOR",0,12.3,13
"C","Lucas Nogueira",3300,"TOR@CHA 12/20/2017 07:00PM ET",11.265,"TOR","CHA",0,0,0
"C","Ivica Zubac",3300,"LAL@HOU 12/20/2017 08:00PM ET",1.333,"LAL","HOU",0,0,0
"C","Nene Hilario",3300,"LAL@HOU 12/20/2017 08:00PM ET",14.417,"HOU","LAL",0,20.8,14.5
"PG/SG","Tyus Jones",3300,"MIN@DEN 12/20/2017 09:00PM ET",12.476,"MIN","DEN",0,10.2,9.25
"SG/SF","Shabazz Muhammad",3300,"MIN@DEN 12/20/2017 09:00PM ET",7.25,"MIN","DEN",0,0,0
"SF/PF","Juancho Hernangomez",3300,"MIN@DEN 12/20/2017 09:00PM ET",8.833,"DEN","MIN",0,0,0
"SG","CJ Williams",3300,"PHO@LAC 12/20/2017 10:30PM ET",8.656,"LAC","PHO",0,13.9,16.75
"PF/C","Al Jefferson",3200,"IND@ATL 12/20/2017 07:30PM ET",15.5,"IND","ATL",0,0,0
"SG/SF","Semi Ojeleye",3200,"MIA@BOS 12/20/2017 07:30PM ET",6.32,"BOS","MIA",0,7.2,1.25
"SG/SF","Wes Iwundu",3200,"ORL@CHI 12/20/2017 08:00PM ET",5.885,"ORL","CHI",0,13.8,0
"C","JaVale McGee",3200,"MEM@GS 12/20/2017 10:30PM ET",8.769,"GS","MEM",0,14.1,13
"PG/SG","Isaiah Whitehead",3200,"SAC@BKN 12/20/2017 07:30PM ET",13.75,"BKN","SAC",0,0,0
"PF","Caleb Swanigan",3200,"SA@POR 12/20/2017 10:00PM ET",7.607,"POR","SA",0,0,0
"SF/PF","Luc Richard Mbah a Moute",3200,"LAL@HOU 12/20/2017 08:00PM ET",15.948,"HOU","LAL",0,0,0
"SG","Malik Beasley",3200,"MIN@DEN 12/20/2017 09:00PM ET",7.385,"DEN","MIN",0,11.6,4.5
"PF","Jared Dudley",3200,"PHO@LAC 12/20/2017 10:30PM ET",11.5,"PHO","LAC",0,0,0
"SF/PF","Luke Babbitt",3100,"IND@ATL 12/20/2017 07:30PM ET",12.796,"ATL","IND",0,8.6,1.5
"PF/C","Bismack Biyombo",3100,"ORL@CHI 12/20/2017 08:00PM ET",12.194,"ORL","CHI",0,10.1,3
"PG","Antonio Blakeney",3100,"ORL@CHI 12/20/2017 08:00PM ET",10.682,"CHI","ORL",0,0,0
"PG","Quinn Cook",3100,"MEM@GS 12/20/2017 10:30PM ET",6.781,"GS","MEM",0,15.3,13
"SG/SF","Vince Carter",3100,"SAC@BKN 12/20/2017 07:30PM ET",8.263,"SAC","BKN",0,0,0
"PG/SG","Raymond Felton",3100,"UTA@OKC 12/20/2017 08:00PM ET",13.942,"OKC","UTA",0,12.1,17.75
"PG","Bobby Brown",3100,"LAL@HOU 12/20/2017 08:00PM ET",4.292,"HOU","LAL",0,0,0
"C","Mike Muscala",3000,"IND@ATL 12/20/2017 07:30PM ET",16.333,"ATL","IND",0,0,0
"SG/SF","Damien Wilkins",3000,"IND@ATL 12/20/2017 07:30PM ET",2.893,"IND","ATL",0,0,0
"SF","Alex Poythress",3000,"IND@ATL 12/20/2017 07:30PM ET",1.929,"IND","ATL",0,0,0
"PG","Edmond Sumner",3000,"IND@ATL 12/20/2017 07:30PM ET",0,"IND","ATL",0,0,0
"PG/SG","Joe Young",3000,"IND@ATL 12/20/2017 07:30PM ET",4.141,"IND","ATL",0,0,0
"PF/C","Ike Anigbogu",3000,"IND@ATL 12/20/2017 07:30PM ET",2,"IND","ATL",0,0,0
"PG/SG","Tyler Dorsey",3000,"IND@ATL 12/20/2017 07:30PM ET",4.05,"ATL","IND",0,0,0
"PG","Josh Magette",3000,"IND@ATL 12/20/2017 07:30PM ET",6.188,"ATL","IND",0,0,0
"SF/PF","TJ Leaf",3000,"IND@ATL 12/20/2017 07:30PM ET",6.39,"IND","ATL",0,0,0
"PG/SG","Derrick Walton",3000,"MIA@BOS 12/20/2017 07:30PM ET",1.929,"MIA","BOS",0,0,2.75
"SF/PF","Okaro White",3000,"MIA@BOS 12/20/2017 07:30PM ET",8.45,"MIA","BOS",0,0,0
"SG/SF","Rodney McGruder",3000,"MIA@BOS 12/20/2017 07:30PM ET",0,"MIA","BOS",0,0,0
"SG","Matt Williams",3000,"MIA@BOS 12/20/2017 07:30PM ET",0,"MIA","BOS",0,0,0
"C","AJ Hammons",3000,"MIA@BOS 12/20/2017 07:30PM ET",0,"MIA","BOS",0,0,0
"PF/C","Udonis Haslem",3000,"MIA@BOS 12/20/2017 07:30PM ET",1.875,"MIA","BOS",0,0,3.25
"SG/SF","Gordon Hayward",3000,"MIA@BOS 12/20/2017 07:30PM ET",3.25,"BOS","MIA",0,0,0
"PF/C","Guerschon Yabusele",3000,"MIA@BOS 12/20/2017 07:30PM ET",4.85,"BOS","MIA",0,0,10.75
"SG","Jabari Bird",3000,"MIA@BOS 12/20/2017 07:30PM ET",3.667,"BOS","MIA",0,0,0
"PF","Abdel Nader",3000,"MIA@BOS 12/20/2017 07:30PM ET",3.911,"BOS","MIA",0,0,0
"SG","Kadeem Allen",3000,"MIA@BOS 12/20/2017 07:30PM ET",3,"BOS","MIA",0,0,0
"PF/C","Marreese Speights",3000,"ORL@CHI 12/20/2017 08:00PM ET",12.273,"ORL","CHI",0,0,0
"PF","Adreian Payne",3000,"ORL@CHI 12/20/2017 08:00PM ET",0,"ORL","CHI",0,0,14.5
"SG/SF","Jamel Artis",3000,"ORL@CHI 12/20/2017 08:00PM ET",0.417,"ORL","CHI",0,0,10.75
"PF/C","Khem Birch",3000,"ORL@CHI 12/20/2017 08:00PM ET",2,"ORL","CHI",0,0,0
"PF/C","Cristiano Felicio",3000,"ORL@CHI 12/20/2017 08:00PM ET",9.107,"CHI","ORL",0,0,0
"SG/SF","Quincy Pondexter",3000,"ORL@CHI 12/20/2017 08:00PM ET",5.781,"CHI","ORL",0,0,0
"PG/SG","Cameron Payne",3000,"ORL@CHI 12/20/2017 08:00PM ET",0,"CHI","ORL",0,0,0
"PG","Ryan Arcidiacono",3000,"ORL@CHI 12/20/2017 08:00PM ET",1.5,"CHI","ORL",0,0,0
"PG","Kay Felder",3000,"ORL@CHI 12/20/2017 08:00PM ET",7.5,"CHI","ORL",0,0,0
"SG","Kobi Simmons",3000,"MEM@GS 12/20/2017 10:30PM ET",3.25,"MEM","GS",0,0,0
"PF","Vince Hunter",3000,"MEM@GS 12/20/2017 10:30PM ET",3,"MEM","GS",0,0,0
"PF/C","Deyonta Davis",3000,"MEM@GS 12/20/2017 10:30PM ET",10.574,"MEM","GS",0,10.7,3.5
"PG/SG","Wayne Selden",3000,"MEM@GS 12/20/2017 10:30PM ET",8.25,"MEM","GS",0,0,0
"PF/C","Brandan Wright",3000,"MEM@GS 12/20/2017 10:30PM ET",13.234,"MEM","GS",0,0,0
"PF/C","Ivan Rabb",3000,"MEM@GS 12/20/2017 10:30PM ET",0.75,"MEM","GS",0,0,3.25
"C","Damian Jones",3000,"MEM@GS 12/20/2017 10:30PM ET",0,"GS","MEM",0,0,0
"PF","Chris Boucher",3000,"MEM@GS 12/20/2017 10:30PM ET",0,"GS","MEM",0,0,0
"PF","Jack Cooley",3000,"SAC@BKN 12/20/2017 07:30PM ET",4.75,"SAC","BKN",0,0,0
"SG/SF","Justin Jackson",3000,"SAC@BKN 12/20/2017 07:30PM ET",9.7,"SAC","BKN",0,9.1,9.25
"C","Georgios Papagiannis",3000,"SAC@BKN 12/20/2017 07:30PM ET",7.167,"SAC","BKN",0,0,0
"SG/SF","Malachi Richardson",3000,"SAC@BKN 12/20/2017 07:30PM ET",6.654,"SAC","BKN",0,0,0
"PF/C","Harry Giles",3000,"SAC@BKN 12/20/2017 07:30PM ET",0,"SAC","BKN",0,0,0
"PG","Jacob Wiley",3000,"SAC@BKN 12/20/2017 07:30PM ET",4.65,"BKN","SAC",0,0,0
"PG/SG","Jeremy Lin",3000,"SAC@BKN 12/20/2017 07:30PM ET",23,"BKN","SAC",0,0,0
"C","Timofey Mozgov",3000,"SAC@BKN 12/20/2017 07:30PM ET",10.476,"BKN","SAC",0,0,0
"SG","Yakuba Ouattara",3000,"SAC@BKN 12/20/2017 07:30PM ET",0,"BKN","SAC",0,0,0
"PG","Milton Doyle",3000,"SAC@BKN 12/20/2017 07:30PM ET",0,"BKN","SAC",0,0,0
"PF/C","Joffrey Lauvergne",3000,"SA@POR 12/20/2017 10:00PM ET",9.779,"SA","POR",0,0,9.25
"PF","Matt Costello",3000,"SA@POR 12/20/2017 10:00PM ET",12.25,"SA","POR",0,0,0
"PG","Derrick White",3000,"SA@POR 12/20/2017 10:00PM ET",6.65,"SA","POR",0,0,0
"SG/SF","Darrun Hilliard",3000,"SA@POR 12/20/2017 10:00PM ET",3.3,"SA","POR",0,0,0
"SF/PF","Jake Layman",3000,"SA@POR 12/20/2017 10:00PM ET",3.692,"POR","SA",0,0,0
"SG/SF","CJ Wilcox",3000,"SA@POR 12/20/2017 10:00PM ET",0,"POR","SA",0,0,0
"PG/SG","Wade Baldwin IV",3000,"SA@POR 12/20/2017 10:00PM ET",0,"POR","SA",0,0,0
"PG","Nate Wolters",3000,"UTA@OKC 12/20/2017 08:00PM ET",1,"UTA","OKC",0,0,0
"PG/SG","Dante Exum",3000,"UTA@OKC 12/20/2017 08:00PM ET",0,"UTA","OKC",0,0,0
"SF","Royce O'Neale",3000,"UTA@OKC 12/20/2017 08:00PM ET",7.033,"UTA","OKC",0,0,12.25
"C","Tony Bradley",3000,"UTA@OKC 12/20/2017 08:00PM ET",1.938,"UTA","OKC",0,0,7.75
"SF/PF","Eric Griffin",3000,"UTA@OKC 12/20/2017 08:00PM ET",0,"UTA","OKC",0,0,0
"SF","Daniel Hamilton",3000,"UTA@OKC 12/20/2017 08:00PM ET",0,"OKC","UTA",0,0,0
"PF/C","Nick Collison",3000,"UTA@OKC 12/20/2017 08:00PM ET",3.679,"OKC","UTA",0,0,3.25
"SG/SF","Kyle Singler",3000,"UTA@OKC 12/20/2017 08:00PM ET",4.25,"OKC","UTA",0,0,0
"C","Dakari Johnson",3000,"UTA@OKC 12/20/2017 08:00PM ET",6.375,"OKC","UTA",0,0,5.75
"SG/SF","Terrance Ferguson",3000,"UTA@OKC 12/20/2017 08:00PM ET",2.355,"OKC","UTA",0,0,3.5
"SF/PF","Josh Huestis",3000,"UTA@OKC 12/20/2017 08:00PM ET",6.677,"OKC","UTA",0,6.8,2.75
"PG/SG","PJ Dozier",3000,"UTA@OKC 12/20/2017 08:00PM ET",0,"OKC","UTA",0,0,0
"PF/C","Henry Ellenson",3000,"DET@DAL 12/20/2017 08:30PM ET",9.325,"DET","DAL",0,0,3.25
"PF/C","Eric Moreland",3000,"DET@DAL 12/20/2017 08:30PM ET",9.077,"DET","DAL",0,9.7,2.75
"PF/C","Jon Leuer",3000,"DET@DAL 12/20/2017 08:30PM ET",11.813,"DET","DAL",0,0,0
"SF","Luis Montero",3000,"DET@DAL 12/20/2017 08:30PM ET",0,"DET","DAL",0,0,0
"PG","Dwight Buycks",3000,"DET@DAL 12/20/2017 08:30PM ET",0,"DET","DAL",0,0,0
"SG","Antonius Cleveland",3000,"DET@DAL 12/20/2017 08:30PM ET",4.045,"DAL","DET",0,0,0
"C","Salah Mejri",3000,"DET@DAL 12/20/2017 08:30PM ET",11.49,"DAL","DET",0,0,20.75
"SF","Dorian Finney-Smith",3000,"DET@DAL 12/20/2017 08:30PM ET",5.875,"DAL","DET",0,0,0
"PF/C","Johnathan Motley",3000,"DET@DAL 12/20/2017 08:30PM ET",7.25,"DAL","DET",0,0,0
"PF","Nerlens Noel",3000,"DET@DAL 12/20/2017 08:30PM ET",12.132,"DAL","DET",0,0,0
"C","Jeff Withey",3000,"DET@DAL 12/20/2017 08:30PM ET",3.722,"DAL","DET",0,0,0
"PF/C","Josh McRoberts",3000,"DET@DAL 12/20/2017 08:30PM ET",0,"DAL","DET",0,0,0
"SG","Kyle Collinsworth",3000,"DET@DAL 12/20/2017 08:30PM ET",0,"DAL","DET",0,0,6.25
"PG/SG","Malik Monk",3000,"TOR@CHA 12/20/2017 07:00PM ET",11.048,"CHA","TOR",0,0,16.5
"SG/SF","Dwayne Bacon",3000,"TOR@CHA 12/20/2017 07:00PM ET",9.306,"CHA","TOR",0,0,8.25
"PF/C","Johnny O'Bryant III",3000,"TOR@CHA 12/20/2017 07:00PM ET",9.484,"CHA","TOR",0,11.5,0
"PG/SG","Julyan Stone",3000,"TOR@CHA 12/20/2017 07:00PM ET",7.667,"CHA","TOR",0,0,6
"SG/SF","Treveon Graham",3000,"TOR@CHA 12/20/2017 07:00PM ET",10.461,"CHA","TOR",0,0,0
"PF/C","Mangok Mathiang",3000,"TOR@CHA 12/20/2017 07:00PM ET",1.875,"CHA","TOR",0,0,3.75
"PG","Marcus Paige",3000,"TOR@CHA 12/20/2017 07:00PM ET",2.5,"CHA","TOR",0,0,0
"PF","Alfonzo McKinnie",3000,"TOR@CHA 12/20/2017 07:00PM ET",2.528,"TOR","CHA",0,0,0
"SF","Bruno Caboclo",3000,"TOR@CHA 12/20/2017 07:00PM ET",2.375,"TOR","CHA",0,0,0
"PG","Lorenzo Brown",3000,"TOR@CHA 12/20/2017 07:00PM ET",3.688,"TOR","CHA",0,0,0
"PF","Malcolm Miller",3000,"TOR@CHA 12/20/2017 07:00PM ET",0,"TOR","CHA",0,0,0
"SF/PF","Luol Deng",3000,"LAL@HOU 12/20/2017 08:00PM ET",5,"LAL","HOU",0,0,0
"PG/SG","Vander Blue",3000,"LAL@HOU 12/20/2017 08:00PM ET",0.938,"LAL","HOU",0,0,0
"PG/SG","Alex Caruso",3000,"LAL@HOU 12/20/2017 08:00PM ET",4.75,"LAL","HOU",0,0,0
"PG/SG","Josh Hart",3000,"LAL@HOU 12/20/2017 08:00PM ET",9.217,"LAL","HOU",0,21.5,27.5
"PG/SG","Tyler Ennis",3000,"LAL@HOU 12/20/2017 08:00PM ET",4.396,"LAL","HOU",0,0,0
"C","Andrew Bogut",3000,"LAL@HOU 12/20/2017 08:00PM ET",7.533,"LAL","HOU",0,11.6,6.75
"PF/C","Thomas Bryant",3000,"LAL@HOU 12/20/2017 08:00PM ET",0,"LAL","HOU",0,0,0
"PF/C","Tarik Black",3000,"LAL@HOU 12/20/2017 08:00PM ET",7.42,"HOU","LAL",0,11.2,6
"PF/C","Zhou Qi",3000,"LAL@HOU 12/20/2017 08:00PM ET",3.731,"HOU","LAL",0,0,0
"SG","Troy Williams",3000,"LAL@HOU 12/20/2017 08:00PM ET",3.25,"HOU","LAL",0,0,0
"PG","Briante Weber",3000,"LAL@HOU 12/20/2017 08:00PM ET",1.688,"HOU","LAL",0,0,0
"PG","Demetrius Jackson",3000,"LAL@HOU 12/20/2017 08:00PM ET",2.854,"HOU","LAL",0,0,0
"PF/C","Chinanu Onuaku",3000,"LAL@HOU 12/20/2017 08:00PM ET",0,"HOU","LAL",0,0,0
"C","Cole Aldrich",3000,"MIN@DEN 12/20/2017 09:00PM ET",1.625,"MIN","DEN",0,0,0
"C","Justin Patton",3000,"MIN@DEN 12/20/2017 09:00PM ET",0,"MIN","DEN",0,0,0
"SG/SF","Anthony Brown",3000,"MIN@DEN 12/20/2017 09:00PM ET",0,"MIN","DEN",0,0,0
"PG/SG","Aaron Brooks",3000,"MIN@DEN 12/20/2017 09:00PM ET",4.25,"MIN","DEN",0,0,0
"SG/SF","Marcus Georges-Hunt",3000,"MIN@DEN 12/20/2017 09:00PM ET",1.667,"MIN","DEN",0,0,0
"PF","Tyler Lydon",3000,"MIN@DEN 12/20/2017 09:00PM ET",0,"DEN","MIN",0,0,0
"SF/PF","Richard Jefferson",3000,"MIN@DEN 12/20/2017 09:00PM ET",3.219,"DEN","MIN",0,0,0
"PG","Monte Morris",3000,"MIN@DEN 12/20/2017 09:00PM ET",1.5,"DEN","MIN",0,0,0
"PF","Darrell Arthur",3000,"MIN@DEN 12/20/2017 09:00PM ET",3.938,"DEN","MIN",0,0,0
"PF","Alec Peters",3000,"PHO@LAC 12/20/2017 10:30PM ET",3.75,"PHO","LAC",0,0,0
"SG/SF","Danuel House",3000,"PHO@LAC 12/20/2017 10:30PM ET",6.313,"PHO","LAC",0,7.1,8.75
"C","Alan Williams",3000,"PHO@LAC 12/20/2017 10:30PM ET",0,"PHO","LAC",0,0,0
"SG/SF","Davon Reed",3000,"PHO@LAC 12/20/2017 10:30PM ET",0,"PHO","LAC",0,0,0
"PG/SG","Brandon Knight",3000,"PHO@LAC 12/20/2017 10:30PM ET",0,"PHO","LAC",0,0,0
"PF/C","Brice Johnson",3000,"PHO@LAC 12/20/2017 10:30PM ET",5.969,"LAC","PHO",0,0,0
"SG","Sindarius Thornwell",3000,"PHO@LAC 12/20/2017 10:30PM ET",8.629,"LAC","PHO",0,7.1,0
"C","Willie Reed",3000,"PHO@LAC 12/20/2017 10:30PM ET",9.927,"LAC","PHO",0,0,16.5
"PG/SG","Patrick Beverley",3000,"PHO@LAC 12/20/2017 10:30PM ET",25.977,"LAC","PHO",0,0,0
